{"cameraMode":{"drawMode":0,"name":"Shaded","section":"Shading Mode"},"sceneLighting":true,"audioPlay":false,"sceneViewState":{"showFog":true,"showMaterialUpdate":false,"showSkybox":true,"showFlares":true,"showImageEffects":true,"showParticleSystems":true},"in2DMode":false,"pivot":{"x":1.92724609375,"y":-0.44189453125,"z":-5.1533203125},"rotation":{"x":0.3410167396068573,"y":0.004229916725307703,"z":-0.0015359744429588318,"w":0.940051257610321},"size":7.717794895172119,"orthographic":true}