{"cameraMode":{"drawMode":0,"name":"Shaded","section":"Shading Mode"},"sceneLighting":false,"audioPlay":false,"sceneViewState":{"showFog":true,"showMaterialUpdate":false,"showSkybox":false,"showFlares":true,"showImageEffects":true,"showParticleSystems":true},"in2DMode":false,"pivot":{"x":0.006237030029296875,"y":0.4336322844028473,"z":0.06889307498931885},"rotation":{"x":0.35008135437965395,"y":0.15631483495235444,"z":-0.059373319149017337,"w":0.9216746687889099},"size":7.0739426612854,"orthographic":true}