{"cameraMode":{"drawMode":0,"name":"Shaded","section":"Shading Mode"},"sceneLighting":true,"audioPlay":false,"sceneViewState":{"showFog":true,"showMaterialUpdate":false,"showSkybox":true,"showFlares":true,"showImageEffects":true,"showParticleSystems":true},"in2DMode":false,"pivot":{"x":0.0,"y":0.5061582326889038,"z":0.00014516711235046387},"rotation":{"x":0.03831092640757561,"y":0.18567121028900147,"z":-0.0072439322248101238,"w":0.9818421602249146},"size":4.085249900817871,"orthographic":true}