{"cameraMode":{"drawMode":0,"name":"Shaded","section":"Shading Mode"},"sceneLighting":true,"audioPlay":false,"sceneViewState":{"showFog":true,"showMaterialUpdate":false,"showSkybox":true,"showFlares":true,"showImageEffects":true,"showParticleSystems":true},"in2DMode":false,"pivot":{"x":-2.174076795578003,"y":0.9889575839042664,"z":0.9689192771911621},"rotation":{"x":0.3151966333389282,"y":0.042686834931373599,"z":-0.014193911105394364,"w":0.9479608535766602},"size":19.664899826049806,"orthographic":true}