{"cameraMode":{"drawMode":0,"name":"Shaded","section":"Shading Mode"},"sceneLighting":false,"audioPlay":false,"sceneViewState":{"showFog":true,"showMaterialUpdate":false,"showSkybox":false,"showFlares":true,"showImageEffects":true,"showParticleSystems":true},"in2DMode":false,"pivot":{"x":-0.00208967924118042,"y":0.0904143750667572,"z":-0.12715482711791993},"rotation":{"x":0.03831092640757561,"y":0.18567121028900147,"z":-0.0072439322248101238,"w":0.9818421602249146},"size":1.6282633543014527,"orthographic":true}