{"cameraMode":{"drawMode":0,"name":"Shaded","section":"Shading Mode"},"sceneLighting":true,"audioPlay":false,"sceneViewState":{"showFog":true,"showMaterialUpdate":false,"showSkybox":true,"showFlares":true,"showImageEffects":true,"showParticleSystems":true},"in2DMode":false,"pivot":{"x":3.4026761054992677,"y":0.0727090835571289,"z":-1.8663129806518555},"rotation":{"x":0.3139549493789673,"y":0.295073926448822,"z":-0.10334289073944092,"w":0.896484375},"size":46.21149826049805,"orthographic":false}