{"cameraMode":{"drawMode":0,"name":"Shaded","section":"Shading Mode"},"sceneLighting":true,"audioPlay":false,"sceneViewState":{"showFog":true,"showMaterialUpdate":false,"showSkybox":true,"showFlares":true,"showImageEffects":true,"showParticleSystems":true},"in2DMode":false,"pivot":{"x":1.92724609375,"y":-0.44189453125,"z":-5.1533203125},"rotation":{"x":0.21550670266151429,"y":-0.6205264329910278,"z":0.18280796706676484,"w":0.7315025925636292},"size":10.716937065124512,"orthographic":true}