{"cameraMode":{"drawMode":0,"name":"Shaded","section":"Shading Mode"},"sceneLighting":false,"audioPlay":false,"sceneViewState":{"showFog":true,"showMaterialUpdate":false,"showSkybox":false,"showFlares":true,"showImageEffects":true,"showParticleSystems":true},"in2DMode":false,"pivot":{"x":1.3899998664855958,"y":2.48327374458313,"z":0.08021745085716248},"rotation":{"x":0.42673608660697939,"y":0.020345591008663179,"z":-0.009603232145309449,"w":0.9040971994400024},"size":9.173324584960938,"orthographic":true}