{"cameraMode":{"drawMode":0,"name":"Shaded","section":"Shading Mode"},"sceneLighting":false,"audioPlay":false,"sceneViewState":{"showFog":true,"showMaterialUpdate":false,"showSkybox":false,"showFlares":true,"showImageEffects":true,"showParticleSystems":true},"in2DMode":false,"pivot":{"x":-2.190000057220459,"y":2.3189098834991457,"z":0.9689192771911621},"rotation":{"x":0.42673608660697939,"y":0.020345591008663179,"z":-0.009603232145309449,"w":0.9040971994400024},"size":15.889914512634278,"orthographic":true}