{"cameraMode":{"drawMode":0,"name":"Shaded","section":"Shading Mode"},"sceneLighting":false,"audioPlay":false,"sceneViewState":{"showFog":true,"showMaterialUpdate":false,"showSkybox":false,"showFlares":true,"showImageEffects":true,"showParticleSystems":true},"in2DMode":false,"pivot":{"x":2.26846981048584,"y":-0.015044212341308594,"z":0.41045475006103518},"rotation":{"x":0.35008135437965395,"y":0.15631483495235444,"z":-0.059373319149017337,"w":0.9216746687889099},"size":67.76831817626953,"orthographic":true}